{"cameraMode":{"drawMode":0,"name":"Shaded","section":"Shading Mode"},"sceneLighting":true,"audioPlay":false,"sceneViewState":{"showFog":true,"showMaterialUpdate":false,"showSkybox":true,"showFlares":true,"showImageEffects":true,"showParticleSystems":true},"in2DMode":false,"pivot":{"x":0.0936674252152443,"y":0.2421875,"z":5.135517597198486},"rotation":{"x":0.42890262603759768,"y":-0.0203225277364254,"z":0.009651941247284413,"w":0.9030705690383911},"size":12.806748390197754,"orthographic":true}